="",="(1)",="(2)",="(3)",="(4)",="(5)",="(6)",="(7)",="(8)",="(9)",="(10)",="(11)",="(12)",="(13)",="(14)",="(15)",="(16)",="(17)",="(18)",="(19)",="(20)",="(21)"
="",="F0_index",="F1_index",="F2_index",="F3_index",="F4_index",="F5_index",="F6_index",="F7_index",="F8_index",="F9_index",="F10_index",="F11_index",="F12_index",="F13_index",="F14_index",="F15_index",="F16_index",="F17_index",="F18_index",="F19_index",="F20_index"
="L1_t_sent1_best_local",="0.029***",="0.036***",="0.035***",="0.019",="0.037**",="0.037**",="0.032*",="0.034*",="0.037*",="0.037*",="0.035",="0.022",="0.030",="0.032",="0.047*",="0.031",="0.028",="0.040",="0.033",="0.044",="0.042"
="",="(0.009)",="(0.010)",="(0.013)",="(0.014)",="(0.015)",="(0.016)",="(0.017)",="(0.018)",="(0.019)",="(0.020)",="(0.022)",="(0.023)",="(0.024)",="(0.025)",="(0.027)",="(0.027)",="(0.030)",="(0.029)",="(0.032)",="(0.031)",="(0.033)"
="L2_t_sent1_best_local",="-0.006",="-0.010",="-0.021*",="-0.016",="-0.017",="-0.020",="-0.015",="-0.017",="-0.013",="-0.017",="-0.021",="-0.017",="-0.017",="-0.014",="-0.015",="-0.009",="0.002",="-0.018",="-0.004",="-0.006",="-0.004"
="",="(0.008)",="(0.008)",="(0.012)",="(0.011)",="(0.014)",="(0.014)",="(0.016)",="(0.017)",="(0.018)",="(0.019)",="(0.020)",="(0.020)",="(0.021)",="(0.023)",="(0.022)",="(0.024)",="(0.025)",="(0.026)",="(0.028)",="(0.028)",="(0.029)"
="L3_t_sent1_best_local",="-0.007",="-0.012",="-0.007",="0.002",="0.003",="0.015",="0.001",="0.002",="-0.006",="-0.009",="-0.006",="-0.002",="0.003",="0.003",="-0.000",="0.016",="0.002",="0.015",="0.014",="0.010",="0.014"
="",="(0.008)",="(0.008)",="(0.012)",="(0.012)",="(0.015)",="(0.015)",="(0.017)",="(0.016)",="(0.018)",="(0.018)",="(0.020)",="(0.019)",="(0.023)",="(0.022)",="(0.025)",="(0.024)",="(0.027)",="(0.026)",="(0.028)",="(0.028)",="(0.030)"
="L4_t_sent1_best_local",="-0.002",="-0.001",="-0.001",="0.003",="0.018",="0.010",="0.009",="0.006",="0.009",="0.011",="0.013",="0.030",="0.027",="0.024",="0.030",="0.023",="0.041",="0.035",="0.031",="0.040",="0.042"
="",="(0.008)",="(0.008)",="(0.012)",="(0.012)",="(0.014)",="(0.015)",="(0.016)",="(0.016)",="(0.018)",="(0.018)",="(0.019)",="(0.021)",="(0.021)",="(0.023)",="(0.023)",="(0.024)",="(0.025)",="(0.026)",="(0.027)",="(0.028)",="(0.029)"
="L5_t_sent1_best_local",="-0.007",="0.005",="0.003",="0.006",="0.007",="-0.004",="-0.006",="0.009",="0.003",="0.004",="0.014",="0.017",="0.016",="0.010",="0.005",="0.020",="0.015",="0.011",="0.017",="0.020",="0.020"
="",="(0.008)",="(0.009)",="(0.012)",="(0.012)",="(0.015)",="(0.015)",="(0.017)",="(0.017)",="(0.019)",="(0.018)",="(0.021)",="(0.020)",="(0.023)",="(0.022)",="(0.025)",="(0.024)",="(0.027)",="(0.026)",="(0.028)",="(0.027)",="(0.031)"
="L6_t_sent1_best_local",="-0.001",="0.014",="0.021",="0.007",="-0.014",="-0.006",="0.006",="-0.002",="-0.003",="0.010",="0.012",="0.012",="-0.003",="0.008",="0.024",="0.021",="0.023",="0.029",="0.023",="0.021",="0.021"
="",="(0.009)",="(0.009)",="(0.013)",="(0.014)",="(0.016)",="(0.015)",="(0.018)",="(0.018)",="(0.020)",="(0.020)",="(0.023)",="(0.022)",="(0.025)",="(0.024)",="(0.027)",="(0.026)",="(0.030)",="(0.029)",="(0.032)",="(0.032)",="(0.034)"
="L7_t_sent1_best_local",="0.000",="0.003",="-0.008",="-0.018",="-0.009",="0.006",="0.008",="0.013",="0.027",="0.033*",="0.026",="0.016",="0.014",="0.022",="0.023",="0.021",="0.015",="0.019",="0.008",="-0.004",="0.001"
="",="(0.009)",="(0.010)",="(0.013)",="(0.013)",="(0.016)",="(0.016)",="(0.019)",="(0.018)",="(0.021)",="(0.020)",="(0.022)",="(0.022)",="(0.024)",="(0.024)",="(0.026)",="(0.026)",="(0.029)",="(0.028)",="(0.031)",="(0.030)",="(0.033)"
="L8_t_sent1_best_local",="0.009",="-0.006",="-0.011",="-0.011",="-0.002",="-0.004",="0.004",="0.002",="0.006",="0.006",="0.004",="0.007",="0.010",="0.009",="0.007",="-0.000",="-0.002",="-0.014",="-0.010",="0.001",="-0.002"
="",="(0.009)",="(0.009)",="(0.012)",="(0.012)",="(0.015)",="(0.015)",="(0.018)",="(0.017)",="(0.020)",="(0.019)",="(0.022)",="(0.021)",="(0.024)",="(0.023)",="(0.026)",="(0.024)",="(0.027)",="(0.027)",="(0.029)",="(0.028)",="(0.032)"
="L1_factor_sent1_best_filter",="0.121***",="0.119***",="0.134***",="0.181***",="0.182***",="0.186***",="0.236***",="0.263***",="0.290***",="0.271***",="0.264***",="0.228***",="0.305***",="0.308***",="0.309***",="0.321***",="0.351***",="0.378***",="0.381***",="0.365***",="0.377***"
="",="(0.033)",="(0.038)",="(0.047)",="(0.048)",="(0.059)",="(0.055)",="(0.064)",="(0.060)",="(0.069)",="(0.069)",="(0.077)",="(0.071)",="(0.080)",="(0.076)",="(0.095)",="(0.081)",="(0.103)",="(0.088)",="(0.101)",="(0.092)",="(0.104)"
="L2_factor_sent1_best_filter",="-0.084***",="-0.025",="-0.040",="-0.083*",="-0.098*",="-0.093*",="-0.061",="-0.066",="-0.114",="-0.103",="-0.113",="-0.030",="-0.051",="-0.040",="-0.026",="-0.030",="0.012",="-0.012",="-0.046",="-0.053",="-0.060"
="",="(0.032)",="(0.033)",="(0.045)",="(0.044)",="(0.057)",="(0.052)",="(0.061)",="(0.059)",="(0.070)",="(0.065)",="(0.075)",="(0.067)",="(0.079)",="(0.071)",="(0.078)",="(0.076)",="(0.079)",="(0.081)",="(0.086)",="(0.085)",="(0.088)"
="L3_factor_sent1_best_filter",="0.041",="-0.021",="-0.084**",="-0.097**",="-0.121**",="-0.102**",="-0.120**",="-0.173***",="-0.155**",="-0.170***",="-0.126*",="-0.166**",="-0.188***",="-0.216***",="-0.252***",="-0.208***",="-0.228***",="-0.254***",="-0.286***",="-0.309***",="-0.275***"
="",="(0.031)",="(0.031)",="(0.043)",="(0.042)",="(0.053)",="(0.051)",="(0.060)",="(0.056)",="(0.064)",="(0.061)",="(0.066)",="(0.065)",="(0.070)",="(0.068)",="(0.075)",="(0.070)",="(0.078)",="(0.078)",="(0.081)",="(0.078)",="(0.086)"
="L4_factor_sent1_best_filter",="-0.083***",="-0.107***",="-0.092**",="-0.123***",="-0.069",="-0.086*",="-0.130**",="-0.126**",="-0.149**",="-0.108*",="-0.176***",="-0.183***",="-0.201***",="-0.204***",="-0.163**",="-0.158**",="-0.184**",="-0.207***",="-0.227***",="-0.176**",="-0.228***"
="",="(0.029)",="(0.031)",="(0.042)",="(0.041)",="(0.051)",="(0.049)",="(0.056)",="(0.056)",="(0.061)",="(0.061)",="(0.067)",="(0.064)",="(0.069)",="(0.068)",="(0.073)",="(0.072)",="(0.077)",="(0.075)",="(0.080)",="(0.080)",="(0.083)"
="L5_factor_sent1_best_filter",="0.010",="0.037",="0.006",="0.068",="0.084*",="0.051",="0.070",="0.051",="0.094",="0.037",="0.083",="0.085",="0.052",="0.123*",="0.138*",="0.115",="0.093",="0.053",="0.108",="0.059",="0.089"
="",="(0.032)",="(0.032)",="(0.041)",="(0.043)",="(0.048)",="(0.051)",="(0.056)",="(0.058)",="(0.062)",="(0.062)",="(0.066)",="(0.067)",="(0.069)",="(0.071)",="(0.072)",="(0.076)",="(0.076)",="(0.080)",="(0.078)",="(0.082)",="(0.084)"
="L6_factor_sent1_best_filter",="0.006",="-0.026",="0.030",="0.041",="0.056",="0.070",="0.039",="0.082",="0.010",="0.065",="0.052",="0.027",="0.105",="0.106",="0.116",="0.048",="0.012",="0.059",="0.020",="0.069",="0.064"
="",="(0.033)",="(0.035)",="(0.044)",="(0.046)",="(0.051)",="(0.057)",="(0.057)",="(0.064)",="(0.063)",="(0.068)",="(0.068)",="(0.071)",="(0.070)",="(0.074)",="(0.076)",="(0.075)",="(0.081)",="(0.079)",="(0.083)",="(0.083)",="(0.085)"
="L7_factor_sent1_best_filter",="-0.006",="0.002",="0.061",="0.097**",="0.091",="0.079",="0.076",="0.007",="0.109",="0.087",="0.089",="0.100",="0.100",="0.064",="-0.005",="0.034",="0.065",="0.102",="0.144",="0.110",="0.158*"
="",="(0.035)",="(0.037)",="(0.049)",="(0.049)",="(0.062)",="(0.060)",="(0.068)",="(0.065)",="(0.074)",="(0.074)",="(0.076)",="(0.075)",="(0.081)",="(0.081)",="(0.083)",="(0.086)",="(0.088)",="(0.091)",="(0.092)",="(0.092)",="(0.094)"
="L8_factor_sent1_best_filter",="0.005",="0.060*",="0.054",="0.020",="-0.010",="0.005",="0.006",="0.096",="0.051",="0.063",="0.081",="0.108",="0.058",="0.044",="0.073",="0.076",="0.086",="0.092",="0.114",="0.154*",="0.100"
="",="(0.033)",="(0.033)",="(0.045)",="(0.047)",="(0.054)",="(0.055)",="(0.061)",="(0.061)",="(0.072)",="(0.068)",="(0.074)",="(0.071)",="(0.075)",="(0.068)",="(0.077)",="(0.073)",="(0.082)",="(0.079)",="(0.087)",="(0.085)",="(0.094)"
="L1_returns",="-0.107***",="-0.144***",="-0.174***",="-0.166***",="-0.197***",="-0.208***",="-0.189***",="-0.168***",="-0.178***",="-0.187***",="-0.187***",="-0.175***",="-0.162***",="-0.158***",="-0.148***",="-0.135***",="-0.153***",="-0.157***",="-0.173***",="-0.163***",="-0.154***"
="",="(0.012)",="(0.015)",="(0.018)",="(0.018)",="(0.023)",="(0.021)",="(0.025)",="(0.022)",="(0.029)",="(0.026)",="(0.033)",="(0.027)",="(0.038)",="(0.030)",="(0.041)",="(0.032)",="(0.051)",="(0.035)",="(0.052)",="(0.037)",="(0.054)"
="L2_returns",="-0.046***",="-0.083***",="-0.093***",="-0.119***",="-0.131***",="-0.118***",="-0.102***",="-0.107***",="-0.119***",="-0.130***",="-0.119***",="-0.106***",="-0.102***",="-0.087**",="-0.079**",="-0.087**",="-0.092***",="-0.114***",="-0.107***",="-0.092**",="-0.070*"
="",="(0.012)",="(0.013)",="(0.017)",="(0.019)",="(0.021)",="(0.021)",="(0.023)",="(0.024)",="(0.026)",="(0.028)",="(0.028)",="(0.032)",="(0.030)",="(0.036)",="(0.033)",="(0.042)",="(0.036)",="(0.044)",="(0.038)",="(0.045)",="(0.041)"
="L3_returns",="-0.031**",="-0.041***",="-0.068***",="-0.083***",="-0.069***",="-0.052**",="-0.057**",="-0.070***",="-0.069**",="-0.058**",="-0.043",="-0.043",="-0.021",="-0.016",="-0.028",="-0.034",="-0.047",="-0.038",="-0.023",="-0.005",="0.004"
="",="(0.012)",="(0.014)",="(0.018)",="(0.018)",="(0.022)",="(0.021)",="(0.026)",="(0.026)",="(0.029)",="(0.027)",="(0.032)",="(0.028)",="(0.035)",="(0.031)",="(0.041)",="(0.032)",="(0.042)",="(0.035)",="(0.043)",="(0.037)",="(0.042)"
="L4_returns",="-0.020",="-0.046***",="-0.065***",="-0.046**",="-0.025",="-0.037*",="-0.051**",="-0.055**",="-0.044",="-0.030",="-0.024",="-0.006",="0.001",="-0.004",="-0.012",="-0.019",="-0.007",="0.004",="0.017",="0.019",="0.031"
="",="(0.012)",="(0.013)",="(0.017)",="(0.019)",="(0.020)",="(0.021)",="(0.024)",="(0.024)",="(0.027)",="(0.028)",="(0.029)",="(0.032)",="(0.031)",="(0.039)",="(0.033)",="(0.039)",="(0.036)",="(0.042)",="(0.038)",="(0.042)",="(0.040)"
="L5_returns",="-0.028**",="-0.034***",="-0.016",="0.007",="-0.008",="-0.020",="-0.030",="-0.023",="-0.008",="0.004",="0.026",="0.029",="0.021",="0.010",="0.002",="0.008",="0.013",="0.026",="0.030",="0.041",="0.036"
="",="(0.012)",="(0.013)",="(0.018)",="(0.017)",="(0.021)",="(0.021)",="(0.025)",="(0.023)",="(0.028)",="(0.026)",="(0.031)",="(0.028)",="(0.036)",="(0.030)",="(0.037)",="(0.033)",="(0.041)",="(0.035)",="(0.040)",="(0.036)",="(0.042)"
="L6_returns",="-0.000",="0.022*",="0.040**",="0.029*",="0.007",="0.008",="0.011",="0.021",="0.033",="0.054**",="0.059**",="0.052",="0.047",="0.032",="0.033",="0.043",="0.059",="0.070**",="0.084**",="0.083**",="0.084**"
="",="(0.012)",="(0.013)",="(0.017)",="(0.017)",="(0.021)",="(0.020)",="(0.023)",="(0.024)",="(0.026)",="(0.027)",="(0.029)",="(0.032)",="(0.030)",="(0.032)",="(0.033)",="(0.035)",="(0.036)",="(0.035)",="(0.036)",="(0.037)",="(0.037)"
="L7_returns",="0.017",="0.046***",="0.035**",="0.022",="0.019",="0.029",="0.037",="0.048**",="0.063**",="0.061**",="0.067**",="0.058**",="0.041",="0.049*",="0.062*",="0.083***",="0.092***",="0.106***",="0.107***",="0.110***",="0.096**"
="",="(0.012)",="(0.012)",="(0.017)",="(0.017)",="(0.020)",="(0.020)",="(0.024)",="(0.022)",="(0.027)",="(0.024)",="(0.032)",="(0.025)",="(0.032)",="(0.028)",="(0.035)",="(0.030)",="(0.035)",="(0.030)",="(0.037)",="(0.033)",="(0.042)"
="L8_returns",="0.020*",="0.019",="0.001",="0.000",="0.003",="0.018",="0.016",="0.031",="0.031",="0.029",="0.029",="0.008",="0.024",="0.025",="0.038",="0.037",="0.055*",="0.059*",="0.059*",="0.044",="0.050"
="",="(0.011)",="(0.013)",="(0.018)",="(0.017)",="(0.022)",="(0.021)",="(0.024)",="(0.024)",="(0.026)",="(0.030)",="(0.026)",="(0.030)",="(0.029)",="(0.032)",="(0.030)",="(0.031)",="(0.031)",="(0.034)",="(0.032)",="(0.038)",="(0.035)"
="F0_d_returns_h",="9.345***",="",="",="",="",="",="",="",="",="",="",="",="",="",="",="",="",="",="",="",=""
="",="(0.670)",="",="",="",="",="",="",="",="",="",="",="",="",="",="",="",="",="",="",="",=""
="F0_d_returns_l",="-8.743***",="",="",="",="",="",="",="",="",="",="",="",="",="",="",="",="",="",="",="",=""
="",="(0.592)",="",="",="",="",="",="",="",="",="",="",="",="",="",="",="",="",="",="",="",=""
="L1_vlm_ma60_adj",="0.058",="0.111***",="0.136**",="0.165***",="0.150**",="0.126*",="0.134*",="0.157**",="0.261***",="0.323***",="0.348***",="0.323***",="0.299***",="0.353***",="0.363***",="0.371***",="0.466***",="0.524***",="0.520***",="0.558***",="0.558***"
="",="(0.042)",="(0.041)",="(0.059)",="(0.057)",="(0.069)",="(0.067)",="(0.080)",="(0.077)",="(0.096)",="(0.090)",="(0.100)",="(0.099)",="(0.102)",="(0.105)",="(0.114)",="(0.112)",="(0.125)",="(0.120)",="(0.136)",="(0.126)",="(0.151)"
="L2_vlm_ma60_adj",="0.031",="0.033",="0.059",="0.064",="0.051",="0.103",="0.142*",="0.213***",="0.206**",="0.179**",="0.122",="0.161*",="0.214**",="0.225**",="0.233**",="0.314***",="0.337***",="0.321***",="0.351***",="0.362***",="0.338***"
="",="(0.040)",="(0.041)",="(0.056)",="(0.054)",="(0.066)",="(0.067)",="(0.076)",="(0.080)",="(0.090)",="(0.085)",="(0.101)",="(0.091)",="(0.107)",="(0.104)",="(0.111)",="(0.116)",="(0.115)",="(0.122)",="(0.123)",="(0.134)",="(0.124)"
="L3_vlm_ma60_adj",="-0.032",="-0.031",="-0.044",="-0.081",="-0.045",="-0.043",="0.005",="0.034",="0.015",="-0.045",="-0.031",="-0.018",="-0.030",="-0.036",="0.033",="0.027",="0.003",="0.012",="0.007",="-0.046",="-0.045"
="",="(0.039)",="(0.042)",="(0.054)",="(0.055)",="(0.064)",="(0.065)",="(0.076)",="(0.077)",="(0.082)",="(0.085)",="(0.088)",="(0.093)",="(0.102)",="(0.100)",="(0.110)",="(0.102)",="(0.116)",="(0.108)",="(0.125)",="(0.110)",="(0.130)"
="L4_vlm_ma60_adj",="0.009",="0.012",="-0.012",="0.001",="0.028",="0.091",="0.111",="0.104",="0.063",="0.062",="0.100",="0.118",="0.110",="0.179*",="0.204**",="0.180*",="0.190*",="0.207*",="0.186*",="0.177",="0.219**"
="",="(0.040)",="(0.040)",="(0.055)",="(0.054)",="(0.067)",="(0.068)",="(0.077)",="(0.077)",="(0.084)",="(0.087)",="(0.090)",="(0.098)",="(0.096)",="(0.104)",="(0.098)",="(0.108)",="(0.105)",="(0.115)",="(0.106)",="(0.120)",="(0.111)"
="L5_vlm_ma60_adj",="0.000",="-0.053",="-0.038",="-0.020",="0.008",="0.048",="0.083",="0.032",="0.014",="0.045",="0.027",="0.030",="0.076",="0.082",="0.063",="0.062",="0.053",="0.013",="0.002",="0.026",="0.047"
="",="(0.039)",="(0.041)",="(0.053)",="(0.056)",="(0.069)",="(0.068)",="(0.076)",="(0.077)",="(0.087)",="(0.084)",="(0.100)",="(0.092)",="(0.105)",="(0.093)",="(0.111)",="(0.097)",="(0.117)",="(0.099)",="(0.120)",="(0.107)",="(0.122)"
="L6_vlm_ma60_adj",="-0.030",="-0.011",="0.029",="0.086",="0.132*",="0.155**",="0.076",="0.062",="0.118",="0.133",="0.117",="0.163*",="0.202**",="0.202*",="0.181*",="0.216**",="0.192*",="0.167",="0.234**",="0.236**",="0.250**"
="",="(0.041)",="(0.040)",="(0.055)",="(0.058)",="(0.069)",="(0.064)",="(0.077)",="(0.072)",="(0.084)",="(0.085)",="(0.091)",="(0.094)",="(0.094)",="(0.104)",="(0.100)",="(0.108)",="(0.101)",="(0.111)",="(0.108)",="(0.119)",="(0.110)"
="L7_vlm_ma60_adj",="0.038",="0.070*",="0.115**",="0.124**",="0.146**",="0.077",="0.075",="0.136*",="0.143",="0.143",="0.200*",="0.215**",="0.193*",="0.168*",="0.193*",="0.171*",="0.156",="0.216**",="0.232*",="0.236**",="0.239*"
="",="(0.039)",="(0.039)",="(0.058)",="(0.059)",="(0.068)",="(0.071)",="(0.078)",="(0.080)",="(0.093)",="(0.087)",="(0.103)",="(0.093)",="(0.112)",="(0.098)",="(0.116)",="(0.103)",="(0.120)",="(0.110)",="(0.129)",="(0.114)",="(0.133)"
="L8_vlm_ma60_adj",="0.031",="0.098**",="0.133**",="0.139**",="0.090",="0.107",="0.170**",="0.192**",="0.215**",="0.270***",="0.302***",="0.294***",="0.309***",="0.326***",="0.311***",="0.309**",="0.341***",="0.344***",="0.339***",="0.326**",="0.297**"
="",="(0.037)",="(0.039)",="(0.056)",="(0.055)",="(0.071)",="(0.072)",="(0.085)",="(0.088)",="(0.094)",="(0.100)",="(0.102)",="(0.106)",="(0.106)",="(0.114)",="(0.112)",="(0.121)",="(0.123)",="(0.130)",="(0.129)",="(0.135)",="(0.136)"
="L1_vol_ma60",="0.004",="0.009**",="0.008",="0.008",="0.007",="0.002",="-0.004",="-0.009",="-0.010",="-0.009",="-0.011",="-0.011",="-0.011",="-0.009",="-0.012",="-0.004",="-0.006",="-0.007",="-0.010",="-0.011",="-0.006"
="",="(0.004)",="(0.004)",="(0.006)",="(0.006)",="(0.006)",="(0.005)",="(0.007)",="(0.006)",="(0.010)",="(0.006)",="(0.009)",="(0.008)",="(0.008)",="(0.008)",="(0.008)",="(0.008)",="(0.008)",="(0.009)",="(0.008)",="(0.009)",="(0.009)"
="L2_vol_ma60",="0.003",="0.004",="0.004",="0.002",="-0.002",="-0.006",="-0.010",="-0.008",="-0.005",="-0.006",="-0.008",="-0.010",="-0.009",="-0.012",="-0.006",="-0.007",="-0.009",="-0.013*",="-0.011",="-0.007",="-0.005"
="",="(0.004)",="(0.004)",="(0.005)",="(0.004)",="(0.005)",="(0.007)",="(0.006)",="(0.009)",="(0.007)",="(0.008)",="(0.009)",="(0.008)",="(0.010)",="(0.008)",="(0.009)",="(0.008)",="(0.011)",="(0.007)",="(0.010)",="(0.008)",="(0.012)"
="L3_vol_ma60",="0.004",="0.005",="0.001",="-0.001",="-0.005",="-0.008",="-0.007",="-0.006",="-0.009",="-0.009",="-0.009",="-0.007",="-0.009",="-0.003",="-0.003",="-0.004",="-0.008",="-0.006",="-0.004",="-0.003",="-0.004"
="",="(0.003)",="(0.004)",="(0.004)",="(0.004)",="(0.005)",="(0.005)",="(0.008)",="(0.006)",="(0.007)",="(0.007)",="(0.006)",="(0.007)",="(0.007)",="(0.008)",="(0.008)",="(0.007)",="(0.008)",="(0.008)",="(0.008)",="(0.008)",="(0.008)"
="L4_vol_ma60",="-0.001",="-0.004",="-0.008",="-0.012**",="-0.016***",="-0.016**",="-0.013**",="-0.013*",="-0.015**",="-0.014**",="-0.014*",="-0.016**",="-0.009",="-0.007",="-0.010",="-0.014**",="-0.014*",="-0.010",="-0.009",="-0.009",="-0.008"
="",="(0.004)",="(0.004)",="(0.005)",="(0.005)",="(0.005)",="(0.008)",="(0.006)",="(0.007)",="(0.007)",="(0.006)",="(0.008)",="(0.006)",="(0.008)",="(0.007)",="(0.008)",="(0.007)",="(0.008)",="(0.007)",="(0.009)",="(0.007)",="(0.008)"
="L5_vol_ma60",="-0.002",="-0.005",="-0.012**",="-0.015***",="-0.015**",="-0.010*",="-0.012*",="-0.013*",="-0.010",="-0.009",="-0.011",="-0.004",="-0.003",="-0.004",="-0.007",="-0.007",="-0.003",="-0.003",="-0.003",="-0.002",="-0.006"
="",="(0.004)",="(0.005)",="(0.005)",="(0.005)",="(0.007)",="(0.006)",="(0.007)",="(0.007)",="(0.006)",="(0.007)",="(0.007)",="(0.008)",="(0.008)",="(0.008)",="(0.008)",="(0.008)",="(0.008)",="(0.010)",="(0.008)",="(0.010)",="(0.008)"
="L6_vol_ma60",="-0.004",="-0.010**",="-0.014***",="-0.015*",="-0.011*",="-0.013*",="-0.012*",="-0.009",="-0.006",="-0.009",="-0.002",="-0.002",="-0.002",="-0.006",="-0.007",="-0.004",="-0.003",="-0.002",="-0.000",="-0.005",="-0.007"
="",="(0.004)",="(0.005)",="(0.005)",="(0.008)",="(0.006)",="(0.007)",="(0.006)",="(0.006)",="(0.007)",="(0.007)",="(0.008)",="(0.007)",="(0.008)",="(0.007)",="(0.008)",="(0.007)",="(0.010)",="(0.007)",="(0.010)",="(0.008)",="(0.011)"
="L7_vol_ma60",="-0.002",="-0.006**",="-0.006",="-0.000",="-0.004",="-0.005",="-0.003",="-0.000",="-0.004",="0.002",="0.003",="-0.000",="-0.004",="-0.005",="-0.002",="-0.003",="-0.004",="-0.003",="-0.009",="-0.010",="-0.012"
="",="(0.004)",="(0.003)",="(0.007)",="(0.005)",="(0.006)",="(0.006)",="(0.006)",="(0.007)",="(0.007)",="(0.007)",="(0.007)",="(0.007)",="(0.007)",="(0.006)",="(0.007)",="(0.007)",="(0.007)",="(0.008)",="(0.008)",="(0.009)",="(0.010)"
="L8_vol_ma60",="-0.002",="-0.002",="0.002",="-0.000",="-0.000",="0.004",="0.006",="0.003",="0.010",="0.011",="0.007",="0.003",="0.002",="0.005",="0.005",="0.005",="0.005",="-0.001",="-0.003",="-0.006",="-0.006"
="",="(0.003)",="(0.005)",="(0.006)",="(0.005)",="(0.007)",="(0.006)",="(0.008)",="(0.007)",="(0.009)",="(0.008)",="(0.007)",="(0.008)",="(0.007)",="(0.008)",="(0.007)",="(0.008)",="(0.007)",="(0.008)",="(0.008)",="(0.008)",="(0.009)"
="L1_vix",="-0.134***",="-0.103***",="-0.100***",="-0.055*",="-0.049",="-0.048",="-0.044",="-0.048",="-0.094**",="-0.128***",="-0.154***",="-0.127***",="-0.095*",="-0.082*",="-0.079",="-0.080*",="-0.104*",="-0.108**",="-0.112",="-0.125**",="-0.127*"
="",="(0.021)",="(0.022)",="(0.029)",="(0.030)",="(0.035)",="(0.030)",="(0.039)",="(0.034)",="(0.039)",="(0.038)",="(0.041)",="(0.042)",="(0.049)",="(0.043)",="(0.055)",="(0.045)",="(0.061)",="(0.047)",="(0.069)",="(0.054)",="(0.065)"
="L2_vix",="0.138***",="0.104***",="0.134***",="0.110***",="0.109***",="0.108***",="0.095**",="0.062",="0.073",="0.071*",="0.118**",="0.123***",="0.116**",="0.109**",="0.111*",="0.084",="0.102",="0.105",="0.093",="0.094",="0.135"
="",="(0.028)",="(0.026)",="(0.035)",="(0.034)",="(0.042)",="(0.037)",="(0.048)",="(0.041)",="(0.052)",="(0.043)",="(0.055)",="(0.048)",="(0.058)",="(0.054)",="(0.067)",="(0.064)",="(0.074)",="(0.074)",="(0.079)",="(0.070)",="(0.082)"
="L3_vix",="-0.043",="-0.009",="-0.020",="-0.024",="-0.020",="-0.034",="-0.065",="-0.061",="-0.064",="-0.013",="-0.005",="-0.017",="-0.035",="-0.043",="-0.065",="-0.047",="-0.048",="-0.055",="-0.047",="-0.003",="-0.025"
="",="(0.028)",="(0.023)",="(0.035)",="(0.028)",="(0.038)",="(0.033)",="(0.040)",="(0.038)",="(0.044)",="(0.039)",="(0.047)",="(0.044)",="(0.053)",="(0.051)",="(0.061)",="(0.056)",="(0.073)",="(0.060)",="(0.069)",="(0.061)",="(0.081)"
="L4_vix",="0.049**",="0.034",="0.039",="0.036",="0.019",="-0.006",="0.000",="0.000",="0.044",="0.066*",="0.055",="0.048",="0.044",="0.034",="0.036",="0.034",="0.032",="0.038",="0.072",="0.052",="0.039"
="",="(0.022)",="(0.025)",="(0.027)",="(0.029)",="(0.033)",="(0.033)",="(0.036)",="(0.036)",="(0.038)",="(0.039)",="(0.040)",="(0.044)",="(0.047)",="(0.051)",="(0.054)",="(0.057)",="(0.061)",="(0.055)",="(0.062)",="(0.060)",="(0.068)"
="L5_vix",="-0.016",="-0.005",="-0.017",="-0.018",="-0.037",="-0.048",="-0.039",="0.000",="0.026",="0.002",="-0.006",="-0.013",="-0.028",="-0.024",="-0.017",="-0.017",="-0.030",="0.004",="-0.010",="-0.023",="-0.051"
="",="(0.027)",="(0.023)",="(0.033)",="(0.028)",="(0.038)",="(0.031)",="(0.038)",="(0.035)",="(0.042)",="(0.039)",="(0.046)",="(0.043)",="(0.051)",="(0.048)",="(0.059)",="(0.050)",="(0.060)",="(0.052)",="(0.066)",="(0.055)",="(0.071)"
="L6_vix",="0.013",="-0.001",="-0.004",="-0.036",="-0.049",="-0.022",="0.001",="0.027",="0.003",="-0.013",="-0.016",="-0.042",="-0.035",="-0.040",="-0.051",="-0.060",="-0.012",="-0.024",="-0.037",="-0.057",="-0.019"
="",="(0.022)",="(0.025)",="(0.028)",="(0.029)",="(0.034)",="(0.033)",="(0.034)",="(0.034)",="(0.040)",="(0.039)",="(0.043)",="(0.046)",="(0.048)",="(0.050)",="(0.051)",="(0.049)",="(0.054)",="(0.053)",="(0.056)",="(0.054)",="(0.059)"
="L7_vix",="-0.003",="-0.010",="-0.035",="-0.049*",="-0.031",="-0.015",="0.015",="-0.014",="-0.024",="-0.010",="-0.030",="-0.008",="-0.016",="-0.010",="-0.008",="0.040",="0.021",="0.013",="-0.014",="0.025",="-0.004"
="",="(0.023)",="(0.022)",="(0.029)",="(0.029)",="(0.034)",="(0.029)",="(0.036)",="(0.036)",="(0.042)",="(0.039)",="(0.047)",="(0.045)",="(0.050)",="(0.048)",="(0.051)",="(0.049)",="(0.052)",="(0.053)",="(0.053)",="(0.054)",="(0.053)"
="L8_vix",="-0.007",="-0.012",="0.003",="0.040",="0.061**",="0.067**",="0.038",="0.035",="0.037",="0.026",="0.039",="0.039",="0.053",="0.060",="0.077*",="0.051",="0.042",="0.032",="0.061",="0.043",="0.059"
="",="(0.017)",="(0.019)",="(0.022)",="(0.026)",="(0.028)",="(0.029)",="(0.030)",="(0.036)",="(0.032)",="(0.037)",="(0.037)",="(0.040)",="(0.040)",="(0.044)",="(0.042)",="(0.044)",="(0.044)",="(0.050)",="(0.048)",="(0.048)",="(0.050)"
="L1_t_art1_best_local",="-0.000",="-0.001",="-0.001",="-0.002**",="-0.001",="-0.003***",="-0.003**",="-0.002*",="-0.002",="-0.001",="-0.001",="-0.001",="-0.000",="-0.001",="-0.000",="-0.000",="0.001",="0.001",="0.002",="0.002",="0.001"
="",="(0.001)",="(0.001)",="(0.001)",="(0.001)",="(0.001)",="(0.001)",="(0.001)",="(0.001)",="(0.001)",="(0.001)",="(0.002)",="(0.002)",="(0.002)",="(0.002)",="(0.002)",="(0.002)",="(0.002)",="(0.002)",="(0.002)",="(0.002)",="(0.002)"
="L2_t_art1_best_local",="-0.001",="-0.000",="-0.001",="0.001",="-0.002",="-0.001",="-0.000",="-0.000",="0.001",="-0.000",="-0.000",="-0.000",="-0.001",="0.000",="-0.000",="-0.000",="-0.000",="0.000",="0.000",="-0.001",="-0.001"
="",="(0.001)",="(0.001)",="(0.001)",="(0.001)",="(0.001)",="(0.001)",="(0.001)",="(0.001)",="(0.002)",="(0.002)",="(0.002)",="(0.002)",="(0.002)",="(0.002)",="(0.002)",="(0.002)",="(0.002)",="(0.002)",="(0.002)",="(0.002)",="(0.002)"
="L3_t_art1_best_local",="0.000",="0.000",="0.002**",="0.000",="-0.000",="0.000",="0.000",="0.001",="0.000",="-0.000",="0.001",="0.001",="0.001",="0.001",="0.000",="0.000",="0.001",="0.000",="0.001",="0.000",="0.001"
="",="(0.001)",="(0.001)",="(0.001)",="(0.001)",="(0.001)",="(0.001)",="(0.001)",="(0.001)",="(0.001)",="(0.001)",="(0.001)",="(0.001)",="(0.001)",="(0.002)",="(0.001)",="(0.002)",="(0.002)",="(0.002)",="(0.002)",="(0.002)",="(0.002)"
="L4_t_art1_best_local",="0.000",="0.002***",="-0.000",="-0.000",="0.000",="0.000",="0.001",="0.001",="-0.000",="0.001",="0.001",="0.001",="0.001",="0.000",="0.001",="0.002",="0.001",="0.002",="0.001",="0.001",="0.001"
="",="(0.001)",="(0.001)",="(0.001)",="(0.001)",="(0.001)",="(0.001)",="(0.001)",="(0.001)",="(0.001)",="(0.001)",="(0.001)",="(0.002)",="(0.002)",="(0.002)",="(0.002)",="(0.002)",="(0.002)",="(0.002)",="(0.002)",="(0.002)",="(0.002)"
="L5_t_art1_best_local",="0.000",="-0.001",="-0.001",="-0.001",="-0.002",="-0.001",="-0.001",="-0.002*",="-0.001",="-0.001",="-0.001",="-0.000",="-0.002",="-0.001",="-0.000",="-0.002",="0.000",="-0.002",="-0.000",="-0.001",="-0.001"
="",="(0.001)",="(0.001)",="(0.001)",="(0.001)",="(0.001)",="(0.001)",="(0.001)",="(0.001)",="(0.001)",="(0.001)",="(0.002)",="(0.001)",="(0.002)",="(0.002)",="(0.002)",="(0.002)",="(0.002)",="(0.002)",="(0.002)",="(0.002)",="(0.002)"
="L6_t_art1_best_local",="-0.000",="-0.000",="0.000",="-0.000",="0.000",="-0.000",="-0.001",="0.000",="0.000",="0.000",="0.001",="-0.001",="0.000",="0.001",="-0.001",="0.002",="-0.001",="0.001",="0.000",="-0.000",="0.000"
="",="(0.001)",="(0.001)",="(0.001)",="(0.001)",="(0.001)",="(0.001)",="(0.001)",="(0.001)",="(0.001)",="(0.001)",="(0.002)",="(0.002)",="(0.002)",="(0.002)",="(0.002)",="(0.002)",="(0.002)",="(0.002)",="(0.002)",="(0.002)",="(0.002)"
="L7_t_art1_best_local",="0.001*",="0.000",="0.001",="0.002*",="0.002",="0.002**",="0.003**",="0.003**",="0.003*",="0.003*",="0.002",="0.002",="0.002",="0.001",="0.002",="0.001",="0.001",="0.001",="0.001",="0.002",="0.002"
="",="(0.001)",="(0.001)",="(0.001)",="(0.001)",="(0.001)",="(0.001)",="(0.001)",="(0.001)",="(0.001)",="(0.001)",="(0.002)",="(0.002)",="(0.002)",="(0.002)",="(0.002)",="(0.002)",="(0.002)",="(0.002)",="(0.002)",="(0.002)",="(0.002)"
="L8_t_art1_best_local",="-0.001",="0.000",="0.001",="0.001",="0.002",="0.002*",="0.002",="0.000",="-0.000",="-0.000",="-0.000",="0.001",="0.000",="0.001",="0.000",="-0.001",="-0.001",="-0.001",="-0.002",="-0.001",="-0.002"
="",="(0.001)",="(0.001)",="(0.001)",="(0.001)",="(0.001)",="(0.001)",="(0.001)",="(0.001)",="(0.001)",="(0.001)",="(0.001)",="(0.001)",="(0.002)",="(0.002)",="(0.002)",="(0.002)",="(0.002)",="(0.002)",="(0.002)",="(0.002)",="(0.002)"
="L1_commo",="-0.028**",="-0.037**",="-0.041**",="-0.043**",="-0.050**",="-0.074***",="-0.076***",="-0.091***",="-0.092***",="-0.097***",="-0.101***",="-0.115***",="-0.123***",="-0.110***",="-0.111***",="-0.111***",="-0.118***",="-0.101***",="-0.081**",="-0.102**",="-0.123***"
="",="(0.012)",="(0.015)",="(0.017)",="(0.018)",="(0.020)",="(0.020)",="(0.022)",="(0.023)",="(0.025)",="(0.026)",="(0.027)",="(0.028)",="(0.031)",="(0.030)",="(0.032)",="(0.033)",="(0.035)",="(0.036)",="(0.038)",="(0.040)",="(0.041)"
="L2_commo",="-0.002",="-0.007",="-0.014",="-0.022",="-0.039*",="-0.039*",="-0.057**",="-0.053**",="-0.052*",="-0.054**",="-0.066**",="-0.072**",="-0.070**",="-0.071**",="-0.074**",="-0.077**",="-0.067*",="-0.048",="-0.059",="-0.084**",="-0.093**"
="",="(0.013)",="(0.013)",="(0.017)",="(0.018)",="(0.021)",="(0.021)",="(0.025)",="(0.025)",="(0.028)",="(0.027)",="(0.029)",="(0.031)",="(0.032)",="(0.032)",="(0.035)",="(0.034)",="(0.037)",="(0.036)",="(0.042)",="(0.039)",="(0.045)"
="L3_commo",="-0.008",="-0.019",="-0.019",="-0.038**",="-0.038*",="-0.056**",="-0.044*",="-0.044*",="-0.050*",="-0.066**",="-0.073**",="-0.065**",="-0.067**",="-0.064**",="-0.063*",="-0.045",="-0.032",="-0.042",="-0.065",="-0.075*",="-0.083**"
="",="(0.013)",="(0.014)",="(0.017)",="(0.018)",="(0.021)",="(0.024)",="(0.025)",="(0.027)",="(0.027)",="(0.028)",="(0.031)",="(0.031)",="(0.033)",="(0.032)",="(0.035)",="(0.034)",="(0.037)",="(0.040)",="(0.040)",="(0.043)",="(0.041)"
="L4_commo",="-0.015",="-0.009",="-0.037**",="-0.039**",="-0.058**",="-0.043*",="-0.043*",="-0.052**",="-0.063**",="-0.072**",="-0.063**",="-0.070**",="-0.066**",="-0.064*",="-0.054",="-0.034",="-0.050",="-0.074*",="-0.086**",="-0.099**",="-0.107**"
="",="(0.013)",="(0.013)",="(0.018)",="(0.017)",="(0.023)",="(0.022)",="(0.026)",="(0.024)",="(0.029)",="(0.029)",="(0.031)",="(0.031)",="(0.032)",="(0.033)",="(0.034)",="(0.036)",="(0.039)",="(0.039)",="(0.041)",="(0.039)",="(0.045)"
="L5_commo",="0.006",="-0.018",="-0.022",="-0.045**",="-0.034",="-0.035",="-0.051**",="-0.059**",="-0.071**",="-0.062**",="-0.068**",="-0.060**",="-0.058*",="-0.045",="-0.031",="-0.046",="-0.066*",="-0.076**",="-0.090**",="-0.101***",="-0.098**"
="",="(0.013)",="(0.014)",="(0.017)",="(0.019)",="(0.022)",="(0.022)",="(0.023)",="(0.023)",="(0.028)",="(0.026)",="(0.030)",="(0.027)",="(0.031)",="(0.029)",="(0.034)",="(0.031)",="(0.036)",="(0.035)",="(0.037)",="(0.038)",="(0.039)"
="L6_commo",="-0.016",="-0.020",="-0.041**",="-0.041**",="-0.042*",="-0.057***",="-0.071***",="-0.085***",="-0.077***",="-0.079***",="-0.074***",="-0.074**",="-0.065**",="-0.052",="-0.060*",="-0.085***",="-0.092**",="-0.108***",="-0.115***",="-0.114***",="-0.096**"
="",="(0.013)",="(0.013)",="(0.018)",="(0.019)",="(0.022)",="(0.021)",="(0.024)",="(0.027)",="(0.028)",="(0.029)",="(0.028)",="(0.030)",="(0.030)",="(0.032)",="(0.033)",="(0.033)",="(0.038)",="(0.035)",="(0.040)",="(0.038)",="(0.043)"
="L7_commo",="-0.002",="-0.021",="-0.016",="-0.018",="-0.038*",="-0.051**",="-0.059**",="-0.053*",="-0.056*",="-0.051*",="-0.048",="-0.037",="-0.024",="-0.027",="-0.055",="-0.054",="-0.070*",="-0.075*",="-0.069*",="-0.044",="-0.033"
="",="(0.012)",="(0.014)",="(0.018)",="(0.019)",="(0.021)",="(0.023)",="(0.026)",="(0.027)",="(0.029)",="(0.028)",="(0.030)",="(0.030)",="(0.034)",="(0.033)",="(0.034)",="(0.036)",="(0.037)",="(0.041)",="(0.039)",="(0.044)",="(0.043)"
="L8_commo",="-0.020",="-0.016",="-0.018",="-0.037**",="-0.055**",="-0.059***",="-0.054**",="-0.049*",="-0.040",="-0.045",="-0.033",="-0.021",="-0.019",="-0.048",="-0.053",="-0.067*",="-0.073*",="-0.068*",="-0.049",="-0.037",="-0.040"
="",="(0.012)",="(0.014)",="(0.019)",="(0.018)",="(0.022)",="(0.023)",="(0.027)",="(0.026)",="(0.027)",="(0.028)",="(0.029)",="(0.032)",="(0.033)",="(0.033)",="(0.035)",="(0.035)",="(0.038)",="(0.038)",="(0.043)",="(0.042)",="(0.046)"
="L1_R_DJ_global",="0.138***",="0.184***",="0.193***",="0.238***",="0.249***",="0.233***",="0.204***",="0.221***",="0.173***",="0.131**",="0.133**",="0.181***",="0.195***",="0.236***",="0.226***",="0.229***",="0.251***",="0.189***",="0.172**",="0.174**",="0.165**"
="",="(0.029)",="(0.027)",="(0.041)",="(0.041)",="(0.042)",="(0.044)",="(0.046)",="(0.048)",="(0.048)",="(0.053)",="(0.053)",="(0.061)",="(0.065)",="(0.068)",="(0.068)",="(0.071)",="(0.068)",="(0.070)",="(0.071)",="(0.074)",="(0.068)"
="L2_R_DJ_global",="0.039",="0.043*",="0.112***",="0.125***",="0.114**",="0.099**",="0.105**",="0.055",="0.027",="0.042",="0.076",="0.089",="0.115*",="0.103*",="0.108",="0.126**",="0.070",="0.081",="0.083",="0.071",="0.097"
="",="(0.026)",="(0.026)",="(0.040)",="(0.034)",="(0.045)",="(0.042)",="(0.048)",="(0.046)",="(0.054)",="(0.049)",="(0.059)",="(0.055)",="(0.068)",="(0.053)",="(0.070)",="(0.056)",="(0.070)",="(0.062)",="(0.074)",="(0.065)",="(0.076)"
="L3_R_DJ_global",="-0.002",="0.071***",="0.098***",="0.080**",="0.070*",="0.073*",="0.012",="-0.016",="-0.018",="0.017",="0.038",="0.074",="0.067",="0.077",="0.094*",="0.029",="0.011",="0.024",="0.009",="0.037",="0.054"
="",="(0.024)",="(0.027)",="(0.033)",="(0.035)",="(0.041)",="(0.042)",="(0.046)",="(0.051)",="(0.048)",="(0.056)",="(0.054)",="(0.064)",="(0.053)",="(0.068)",="(0.056)",="(0.069)",="(0.063)",="(0.075)",="(0.067)",="(0.076)",="(0.075)"
="L4_R_DJ_global",="0.091***",="0.107***",="0.101***",="0.096***",="0.096**",="0.049",="0.030",="0.027",="0.056",="0.099*",="0.123**",="0.113**",="0.108",="0.119**",="0.050",="0.050",="0.063",="0.055",="0.084",="0.105",="0.075"
="",="(0.024)",="(0.026)",="(0.033)",="(0.034)",="(0.040)",="(0.042)",="(0.048)",="(0.045)",="(0.054)",="(0.052)",="(0.062)",="(0.054)",="(0.067)",="(0.055)",="(0.068)",="(0.060)",="(0.074)",="(0.062)",="(0.075)",="(0.068)",="(0.081)"
="L5_R_DJ_global",="0.003",="0.008",="-0.015",="-0.015",="-0.059",="-0.090**",="-0.083*",="-0.043",="-0.024",="-0.008",="-0.034",="-0.020",="-0.001",="-0.047",="-0.044",="-0.045",="-0.079",="-0.076",="-0.057",="-0.088",="-0.090"
="",="(0.026)",="(0.026)",="(0.035)",="(0.034)",="(0.044)",="(0.044)",="(0.047)",="(0.049)",="(0.053)",="(0.056)",="(0.055)",="(0.061)",="(0.056)",="(0.064)",="(0.063)",="(0.071)",="(0.069)",="(0.072)",="(0.075)",="(0.078)",="(0.077)"
="L6_R_DJ_global",="-0.006",="-0.029",="-0.036",="-0.070**",="-0.084*",="-0.087**",="-0.062",="-0.021",="-0.018",="-0.050",="-0.036",="-0.036",="-0.085",="-0.076",="-0.075",="-0.109*",="-0.107",="-0.094",="-0.135",="-0.128*",="-0.112"
="",="(0.025)",="(0.024)",="(0.033)",="(0.035)",="(0.044)",="(0.041)",="(0.050)",="(0.048)",="(0.058)",="(0.052)",="(0.063)",="(0.056)",="(0.068)",="(0.059)",="(0.076)",="(0.063)",="(0.076)",="(0.068)",="(0.085)",="(0.072)",="(0.088)"
="L7_R_DJ_global",="-0.000",="-0.001",="-0.035",="-0.060*",="-0.061",="-0.050",="-0.006",="-0.006",="-0.025",="-0.004",="-0.001",="-0.038",="-0.034",="-0.035",="-0.060",="-0.059",="-0.052",="-0.075",="-0.075",="-0.074",="-0.084"
="",="(0.023)",="(0.023)",="(0.032)",="(0.035)",="(0.039)",="(0.041)",="(0.044)",="(0.047)",="(0.048)",="(0.052)",="(0.052)",="(0.054)",="(0.054)",="(0.060)",="(0.053)",="(0.062)",="(0.057)",="(0.071)",="(0.062)",="(0.073)",="(0.067)"
="L8_R_DJ_global",="0.006",="-0.012",="0.004",="0.014",="0.022",="0.035",="0.045",="0.036",="0.058",="0.088**",="0.035",="0.037",="0.034",="0.027",="0.014",="0.021",="-0.008",="0.014",="0.005",="0.011",="0.006"
="",="(0.020)",="(0.022)",="(0.030)",="(0.027)",="(0.036)",="(0.034)",="(0.043)",="(0.042)",="(0.047)",="(0.043)",="(0.045)",="(0.045)",="(0.047)",="(0.047)",="(0.050)",="(0.051)",="(0.055)",="(0.056)",="(0.056)",="(0.061)",="(0.059)"
="dow2",="-0.107**",="-0.047",="-0.044",="0.006",="0.038",="-0.079",="0.016",="-0.008",="0.030",="0.056",="-0.054",="0.015",="0.076",="0.122",="0.113",="0.056",="0.037",="0.055",="0.061",="0.050",="0.027"
="",="(0.054)",="(0.055)",="(0.073)",="(0.074)",="(0.083)",="(0.082)",="(0.091)",="(0.087)",="(0.090)",="(0.086)",="(0.086)",="(0.084)",="(0.087)",="(0.084)",="(0.087)",="(0.091)",="(0.093)",="(0.096)",="(0.096)",="(0.096)",="(0.096)"
="dow3",="0.021",="0.084",="0.143**",="0.187***",="0.073",="0.044",="0.106",="0.119",="0.195***",="0.132*",="0.090",="0.156**",="0.217***",="0.244***",="0.178**",="0.130",="0.175**",="0.220***",="0.217**",="0.200**",="0.159*"
="",="(0.051)",="(0.054)",="(0.067)",="(0.063)",="(0.072)",="(0.065)",="(0.070)",="(0.073)",="(0.075)",="(0.077)",="(0.074)",="(0.075)",="(0.077)",="(0.077)",="(0.079)",="(0.080)",="(0.081)",="(0.085)",="(0.086)",="(0.090)",="(0.084)"
="dow4",="-0.015",="0.108*",="0.146**",="0.074",="0.061",="0.021",="0.119*",="0.155**",="0.103",="0.089",="0.058",="0.172**",="0.241***",="0.172**",="0.115*",="0.124*",="0.181**",="0.210***",="0.190**",="0.150**",="0.135*"
="",="(0.052)",="(0.056)",="(0.064)",="(0.068)",="(0.068)",="(0.067)",="(0.069)",="(0.070)",="(0.072)",="(0.070)",="(0.067)",="(0.071)",="(0.071)",="(0.070)",="(0.067)",="(0.074)",="(0.074)",="(0.075)",="(0.077)",="(0.075)",="(0.078)"
="dow5",="0.010",="0.089*",="0.023",="0.023",="-0.018",="0.000",="0.122",="0.047",="0.056",="0.059",="0.048",="0.169**",="0.158*",="0.119",="0.117",="0.112",="0.168*",="0.171*",="0.126",="0.093",="0.101"
="",="(0.050)",="(0.050)",="(0.068)",="(0.067)",="(0.079)",="(0.075)",="(0.081)",="(0.084)",="(0.083)",="(0.081)",="(0.081)",="(0.078)",="(0.082)",="(0.080)",="(0.081)",="(0.083)",="(0.086)",="(0.089)",="(0.085)",="(0.091)",="(0.089)"
="res0",="",="1.026***",="",="",="",="",="",="",="",="",="",="",="",="",="",="",="",="",="",="",=""
="",="",="(0.011)",="",="",="",="",="",="",="",="",="",="",="",="",="",="",="",="",="",="",=""
="F1_d_returns_h",="",="9.028***",="",="",="",="",="",="",="",="",="",="",="",="",="",="",="",="",="",="",=""
="",="",="(0.618)",="",="",="",="",="",="",="",="",="",="",="",="",="",="",="",="",="",="",=""
="F1_d_returns_l",="",="-9.102***",="",="",="",="",="",="",="",="",="",="",="",="",="",="",="",="",="",="",=""
="",="",="(0.603)",="",="",="",="",="",="",="",="",="",="",="",="",="",="",="",="",="",="",=""
="res1",="",="",="1.008***",="",="",="",="",="",="",="",="",="",="",="",="",="",="",="",="",="",=""
="",="",="",="(0.020)",="",="",="",="",="",="",="",="",="",="",="",="",="",="",="",="",="",=""
="F2_d_returns_h",="",="",="6.298***",="",="",="",="",="",="",="",="",="",="",="",="",="",="",="",="",="",=""
="",="",="",="(0.793)",="",="",="",="",="",="",="",="",="",="",="",="",="",="",="",="",="",=""
="F2_d_returns_l",="",="",="-10.042***",="",="",="",="",="",="",="",="",="",="",="",="",="",="",="",="",="",=""
="",="",="",="(0.508)",="",="",="",="",="",="",="",="",="",="",="",="",="",="",="",="",="",=""
="res2",="",="",="",="0.998***",="",="",="",="",="",="",="",="",="",="",="",="",="",="",="",="",=""
="",="",="",="",="(0.015)",="",="",="",="",="",="",="",="",="",="",="",="",="",="",="",="",=""
="F3_d_returns_h",="",="",="",="4.745***",="",="",="",="",="",="",="",="",="",="",="",="",="",="",="",="",=""
="",="",="",="",="(0.819)",="",="",="",="",="",="",="",="",="",="",="",="",="",="",="",="",=""
="F3_d_returns_l",="",="",="",="-9.994***",="",="",="",="",="",="",="",="",="",="",="",="",="",="",="",="",=""
="",="",="",="",="(0.546)",="",="",="",="",="",="",="",="",="",="",="",="",="",="",="",="",=""
="res3",="",="",="",="",="0.992***",="",="",="",="",="",="",="",="",="",="",="",="",="",="",="",=""
="",="",="",="",="",="(0.021)",="",="",="",="",="",="",="",="",="",="",="",="",="",="",="",=""
="F4_d_returns_h",="",="",="",="",="4.475***",="",="",="",="",="",="",="",="",="",="",="",="",="",="",="",=""
="",="",="",="",="",="(0.814)",="",="",="",="",="",="",="",="",="",="",="",="",="",="",="",=""
="F4_d_returns_l",="",="",="",="",="-9.536***",="",="",="",="",="",="",="",="",="",="",="",="",="",="",="",=""
="",="",="",="",="",="(0.666)",="",="",="",="",="",="",="",="",="",="",="",="",="",="",="",=""
="res4",="",="",="",="",="",="0.985***",="",="",="",="",="",="",="",="",="",="",="",="",="",="",=""
="",="",="",="",="",="",="(0.018)",="",="",="",="",="",="",="",="",="",="",="",="",="",="",=""
="F5_d_returns_h",="",="",="",="",="",="3.279***",="",="",="",="",="",="",="",="",="",="",="",="",="",="",=""
="",="",="",="",="",="",="(1.152)",="",="",="",="",="",="",="",="",="",="",="",="",="",="",=""
="F5_d_returns_l",="",="",="",="",="",="-9.572***",="",="",="",="",="",="",="",="",="",="",="",="",="",="",=""
="",="",="",="",="",="",="(1.216)",="",="",="",="",="",="",="",="",="",="",="",="",="",="",=""
="res5",="",="",="",="",="",="",="0.987***",="",="",="",="",="",="",="",="",="",="",="",="",="",=""
="",="",="",="",="",="",="",="(0.023)",="",="",="",="",="",="",="",="",="",="",="",="",="",=""
="F6_d_returns_h",="",="",="",="",="",="",="3.045***",="",="",="",="",="",="",="",="",="",="",="",="",="",=""
="",="",="",="",="",="",="",="(0.999)",="",="",="",="",="",="",="",="",="",="",="",="",="",=""
="F6_d_returns_l",="",="",="",="",="",="",="-10.649***",="",="",="",="",="",="",="",="",="",="",="",="",="",=""
="",="",="",="",="",="",="",="(1.187)",="",="",="",="",="",="",="",="",="",="",="",="",="",=""
="res6",="",="",="",="",="",="",="",="0.993***",="",="",="",="",="",="",="",="",="",="",="",="",=""
="",="",="",="",="",="",="",="",="(0.021)",="",="",="",="",="",="",="",="",="",="",="",="",=""
="F7_d_returns_h",="",="",="",="",="",="",="",="2.455**",="",="",="",="",="",="",="",="",="",="",="",="",=""
="",="",="",="",="",="",="",="",="(1.010)",="",="",="",="",="",="",="",="",="",="",="",="",=""
="F7_d_returns_l",="",="",="",="",="",="",="",="-11.502***",="",="",="",="",="",="",="",="",="",="",="",="",=""
="",="",="",="",="",="",="",="",="(0.951)",="",="",="",="",="",="",="",="",="",="",="",="",=""
="res7",="",="",="",="",="",="",="",="",="0.994***",="",="",="",="",="",="",="",="",="",="",="",=""
="",="",="",="",="",="",="",="",="",="(0.025)",="",="",="",="",="",="",="",="",="",="",="",=""
="F8_d_returns_h",="",="",="",="",="",="",="",="",="2.534",="",="",="",="",="",="",="",="",="",="",="",=""
="",="",="",="",="",="",="",="",="",="(1.597)",="",="",="",="",="",="",="",="",="",="",="",=""
="F8_d_returns_l",="",="",="",="",="",="",="",="",="-12.748***",="",="",="",="",="",="",="",="",="",="",="",=""
="",="",="",="",="",="",="",="",="",="(1.001)",="",="",="",="",="",="",="",="",="",="",="",=""
="res8",="",="",="",="",="",="",="",="",="",="0.995***",="",="",="",="",="",="",="",="",="",="",=""
="",="",="",="",="",="",="",="",="",="",="(0.023)",="",="",="",="",="",="",="",="",="",="",=""
="F9_d_returns_h",="",="",="",="",="",="",="",="",="",="1.967",="",="",="",="",="",="",="",="",="",="",=""
="",="",="",="",="",="",="",="",="",="",="(1.212)",="",="",="",="",="",="",="",="",="",="",=""
="F9_d_returns_l",="",="",="",="",="",="",="",="",="",="-10.211***",="",="",="",="",="",="",="",="",="",="",=""
="",="",="",="",="",="",="",="",="",="",="(1.206)",="",="",="",="",="",="",="",="",="",="",=""
="res9",="",="",="",="",="",="",="",="",="",="",="0.995***",="",="",="",="",="",="",="",="",="",=""
="",="",="",="",="",="",="",="",="",="",="",="(0.027)",="",="",="",="",="",="",="",="",="",=""
="F10_d_returns_h",="",="",="",="",="",="",="",="",="",="",="1.014",="",="",="",="",="",="",="",="",="",=""
="",="",="",="",="",="",="",="",="",="",="",="(1.194)",="",="",="",="",="",="",="",="",="",=""
="F10_d_returns_l",="",="",="",="",="",="",="",="",="",="",="-10.865***",="",="",="",="",="",="",="",="",="",=""
="",="",="",="",="",="",="",="",="",="",="",="(1.586)",="",="",="",="",="",="",="",="",="",=""
="res10",="",="",="",="",="",="",="",="",="",="",="",="0.995***",="",="",="",="",="",="",="",="",=""
="",="",="",="",="",="",="",="",="",="",="",="",="(0.025)",="",="",="",="",="",="",="",="",=""
="F11_d_returns_h",="",="",="",="",="",="",="",="",="",="",="",="1.901",="",="",="",="",="",="",="",="",=""
="",="",="",="",="",="",="",="",="",="",="",="",="(1.536)",="",="",="",="",="",="",="",="",=""
="F11_d_returns_l",="",="",="",="",="",="",="",="",="",="",="",="-10.486***",="",="",="",="",="",="",="",="",=""
="",="",="",="",="",="",="",="",="",="",="",="",="(1.170)",="",="",="",="",="",="",="",="",=""
="res11",="",="",="",="",="",="",="",="",="",="",="",="",="0.995***",="",="",="",="",="",="",="",=""
="",="",="",="",="",="",="",="",="",="",="",="",="",="(0.028)",="",="",="",="",="",="",="",=""
="F12_d_returns_h",="",="",="",="",="",="",="",="",="",="",="",="",="0.178",="",="",="",="",="",="",="",=""
="",="",="",="",="",="",="",="",="",="",="",="",="",="(1.347)",="",="",="",="",="",="",="",=""
="F12_d_returns_l",="",="",="",="",="",="",="",="",="",="",="",="",="-10.199***",="",="",="",="",="",="",="",=""
="",="",="",="",="",="",="",="",="",="",="",="",="",="(0.923)",="",="",="",="",="",="",="",=""
="res12",="",="",="",="",="",="",="",="",="",="",="",="",="",="0.999***",="",="",="",="",="",="",=""
="",="",="",="",="",="",="",="",="",="",="",="",="",="",="(0.026)",="",="",="",="",="",="",=""
="F13_d_returns_h",="",="",="",="",="",="",="",="",="",="",="",="",="",="0.079",="",="",="",="",="",="",=""
="",="",="",="",="",="",="",="",="",="",="",="",="",="",="(0.955)",="",="",="",="",="",="",=""
="F13_d_returns_l",="",="",="",="",="",="",="",="",="",="",="",="",="",="-10.060***",="",="",="",="",="",="",=""
="",="",="",="",="",="",="",="",="",="",="",="",="",="",="(0.836)",="",="",="",="",="",="",=""
="res13",="",="",="",="",="",="",="",="",="",="",="",="",="",="",="0.998***",="",="",="",="",="",=""
="",="",="",="",="",="",="",="",="",="",="",="",="",="",="",="(0.029)",="",="",="",="",="",=""
="F14_d_returns_h",="",="",="",="",="",="",="",="",="",="",="",="",="",="",="-1.236",="",="",="",="",="",=""
="",="",="",="",="",="",="",="",="",="",="",="",="",="",="",="(1.564)",="",="",="",="",="",=""
="F14_d_returns_l",="",="",="",="",="",="",="",="",="",="",="",="",="",="",="-9.201***",="",="",="",="",="",=""
="",="",="",="",="",="",="",="",="",="",="",="",="",="",="",="(1.244)",="",="",="",="",="",=""
="res14",="",="",="",="",="",="",="",="",="",="",="",="",="",="",="",="1.003***",="",="",="",="",=""
="",="",="",="",="",="",="",="",="",="",="",="",="",="",="",="",="(0.027)",="",="",="",="",=""
="F15_d_returns_h",="",="",="",="",="",="",="",="",="",="",="",="",="",="",="",="-1.937",="",="",="",="",=""
="",="",="",="",="",="",="",="",="",="",="",="",="",="",="",="",="(1.531)",="",="",="",="",=""
="F15_d_returns_l",="",="",="",="",="",="",="",="",="",="",="",="",="",="",="",="-8.322***",="",="",="",="",=""
="",="",="",="",="",="",="",="",="",="",="",="",="",="",="",="",="(1.198)",="",="",="",="",=""
="res15",="",="",="",="",="",="",="",="",="",="",="",="",="",="",="",="",="1.001***",="",="",="",=""
="",="",="",="",="",="",="",="",="",="",="",="",="",="",="",="",="",="(0.030)",="",="",="",=""
="F16_d_returns_h",="",="",="",="",="",="",="",="",="",="",="",="",="",="",="",="",="-1.587",="",="",="",=""
="",="",="",="",="",="",="",="",="",="",="",="",="",="",="",="",="",="(1.635)",="",="",="",=""
="F16_d_returns_l",="",="",="",="",="",="",="",="",="",="",="",="",="",="",="",="",="-11.310***",="",="",="",=""
="",="",="",="",="",="",="",="",="",="",="",="",="",="",="",="",="",="(1.134)",="",="",="",=""
="res16",="",="",="",="",="",="",="",="",="",="",="",="",="",="",="",="",="",="1.002***",="",="",=""
="",="",="",="",="",="",="",="",="",="",="",="",="",="",="",="",="",="",="(0.029)",="",="",=""
="F17_d_returns_h",="",="",="",="",="",="",="",="",="",="",="",="",="",="",="",="",="",="-2.420",="",="",=""
="",="",="",="",="",="",="",="",="",="",="",="",="",="",="",="",="",="",="(1.887)",="",="",=""
="F17_d_returns_l",="",="",="",="",="",="",="",="",="",="",="",="",="",="",="",="",="",="-11.408***",="",="",=""
="",="",="",="",="",="",="",="",="",="",="",="",="",="",="",="",="",="",="(1.134)",="",="",=""
="res17",="",="",="",="",="",="",="",="",="",="",="",="",="",="",="",="",="",="",="1.004***",="",=""
="",="",="",="",="",="",="",="",="",="",="",="",="",="",="",="",="",="",="",="(0.032)",="",=""
="F18_d_returns_h",="",="",="",="",="",="",="",="",="",="",="",="",="",="",="",="",="",="",="-3.305",="",=""
="",="",="",="",="",="",="",="",="",="",="",="",="",="",="",="",="",="",="",="(2.260)",="",=""
="F18_d_returns_l",="",="",="",="",="",="",="",="",="",="",="",="",="",="",="",="",="",="",="-11.907***",="",=""
="",="",="",="",="",="",="",="",="",="",="",="",="",="",="",="",="",="",="",="(1.524)",="",=""
="res18",="",="",="",="",="",="",="",="",="",="",="",="",="",="",="",="",="",="",="",="1.001***",=""
="",="",="",="",="",="",="",="",="",="",="",="",="",="",="",="",="",="",="",="",="(0.031)",=""
="F19_d_returns_h",="",="",="",="",="",="",="",="",="",="",="",="",="",="",="",="",="",="",="",="-2.830",=""
="",="",="",="",="",="",="",="",="",="",="",="",="",="",="",="",="",="",="",="",="(2.386)",=""
="F19_d_returns_l",="",="",="",="",="",="",="",="",="",="",="",="",="",="",="",="",="",="",="",="-11.130***",=""
="",="",="",="",="",="",="",="",="",="",="",="",="",="",="",="",="",="",="",="",="(1.465)",=""
="res19",="",="",="",="",="",="",="",="",="",="",="",="",="",="",="",="",="",="",="",="",="1.000***"
="",="",="",="",="",="",="",="",="",="",="",="",="",="",="",="",="",="",="",="",="",="(0.033)"
="F20_d_returns_h",="",="",="",="",="",="",="",="",="",="",="",="",="",="",="",="",="",="",="",="",="-2.484"
="",="",="",="",="",="",="",="",="",="",="",="",="",="",="",="",="",="",="",="",="",="(2.545)"
="F20_d_returns_l",="",="",="",="",="",="",="",="",="",="",="",="",="",="",="",="",="",="",="",="",="-12.498***"
="",="",="",="",="",="",="",="",="",="",="",="",="",="",="",="",="",="",="",="",="",="(0.717)"
="Observations",="31986",="31977",="31969",="31965",="31961",="31956",="31950",="31949",="31946",="31943",="31941",="31939",="31933",="31932",="31930",="31928",="31926",="31923",="31921",="31921",="31918"
="R-squared",="",="",="",="",="",="",="",="",="",="",="",="",="",="",="",="",="",="",="",="",=""
="Standard errors in parentheses"
="* p<0.10, ** p<0.05, *** p<0.01"
